,percent,water temperature,salt,temperature,air press,wind direction,wind speed,max wind,precipitation_busan,freq
original_mean,23.03160146699266,22.009733861044666,31.570659385855752,23.36780238623751,1009.863533875619,7.441326232800897,2.3486715223896226,3.63056228978848,919.3393431529337,1.2885085574572128
argumented_mean,22.991054777777777,21.990475039637648,31.57818271824685,23.347569655634302,1009.8706691261362,7.436997875727835,2.3471281146109972,3.6285630342151207,922.1712183984934,1.2805111111111112
original_median,21.1,22.006369047619046,31.76607142857143,23.56625,1008.9230357142856,7.440476190476192,2.245059523809524,3.538452380952381,688.8,1.0
argumented_median,20.9,21.98011904761905,31.76607142857143,23.56625,1008.9230357142856,7.440476190476192,2.245059523809524,3.538452380952381,688.8,1.0
orginal_std,16.796578540754613,3.3442410925752424,1.575620425019984,3.858571848341765,4.383599576225525,2.5390917702603835,0.5020307604420267,0.6486102593524764,689.7622103811743,0.5116895244670582
argumented_std,16.765739372166298,3.3562926047656854,1.57376016612831,3.8716955937221265,4.389721268451629,2.537346396087558,0.5008233742854068,0.6462356665594395,690.317166746439,0.5046282585403086
